graph,n,m,algorithm,median_ms,check,notes
random d=2,16384,32768,dijkstra-csr (new),1.484,ok,""
random d=2,16384,32768,dijkstra (repo),2.658,ok,""
random d=2,16384,32768,dijkstra-4ary (new),1.382,ok,""
random d=2,16384,32768,improved-v1 (repo),2.641,ok,""
random d=2,16384,32768,improved-v2 (repo),1.904,ok,""
random d=2,16384,32768,core (repo),4.231,ok,""
random d=2,16384,32768,dmm25 (new),36.271,ok,"N'=65536 k=2 t=6 L=3 relax/m=14.37 pre=2ms"
random d=2,16384,32768,chd t0=16 (new),5.320,ok,"N'=14173 k=4 t=16 L=1 relax/m=0.80 del=0 pre=2ms formal=Bellman-Ford"
random d=2,16384,32768,chd t0=4 (new),5.261,ok,"N'=14173 k=2 t=4 L=4 relax/m=0.80 del=227 pre=2ms formal=Bellman-Ford"
random d=4,16384,65536,dijkstra-csr (new),2.317,ok,""
random d=4,16384,65536,dijkstra (repo),2.444,ok,""
random d=4,16384,65536,dijkstra-4ary (new),1.770,ok,""
random d=4,16384,65536,improved-v1 (repo),2.496,ok,""
random d=4,16384,65536,improved-v2 (repo),2.216,ok,""
random d=4,16384,65536,core (repo),4.605,ok,""
random d=4,16384,65536,dmm25 (new),99.404,ok,"N'=131072 k=2 t=6 L=3 relax/m=17.35 pre=5ms"
random d=4,16384,65536,chd t0=16 (new),8.071,ok,"N'=16084 k=4 t=16 L=1 relax/m=0.98 del=0 pre=3ms formal=Bellman-Ford"
random d=4,16384,65536,chd t0=4 (new),8.624,ok,"N'=16084 k=2 t=4 L=4 relax/m=0.98 del=291 pre=3ms formal=Bellman-Ford"
random d=7,16384,114688,dijkstra-csr (new),3.193,ok,""
random d=7,16384,114688,dijkstra (repo),3.268,ok,""
random d=7,16384,114688,dijkstra-4ary (new),2.114,ok,""
random d=7,16384,114688,improved-v1 (repo),3.458,ok,""
random d=7,16384,114688,improved-v2 (repo),3.185,ok,""
random d=7,16384,114688,core (repo),5.388,ok,""
random d=7,16384,114688,dmm25 (new),229.296,ok,"N'=229376 k=2 t=6 L=3 relax/m=17.52 pre=9ms"
random d=7,16384,114688,chd t0=16 (new),15.230,ok,"N'=16372 k=4 t=16 L=1 relax/m=1.00 del=0 pre=7ms formal=Bellman-Ford"
random d=7,16384,114688,chd t0=4 (new),14.762,ok,"N'=16372 k=2 t=4 L=4 relax/m=1.00 del=408 pre=7ms formal=Bellman-Ford"
random d=16,16384,262144,dijkstra-csr (new),6.711,ok,""
random d=16,16384,262144,dijkstra (repo),7.051,ok,""
random d=16,16384,262144,dijkstra-4ary (new),4.352,ok,""
random d=16,16384,262144,improved-v1 (repo),6.989,ok,""
random d=16,16384,262144,improved-v2 (repo),6.879,ok,""
random d=16,16384,262144,core (repo),11.974,ok,""
random d=16,16384,262144,dmm25 (new),525.206,ok,"N'=524288 k=2 t=7 L=3 relax/m=17.30 pre=22ms"
random d=16,16384,262144,chd t0=16 (new),31.752,ok,"N'=16384 k=4 t=16 L=1 relax/m=1.00 del=0 pre=20ms formal=Bellman-Ford"
random d=16,16384,262144,chd t0=4 (new),31.351,ok,"N'=16384 k=2 t=4 L=4 relax/m=1.00 del=768 pre=19ms formal=Bellman-Ford"
random d=2,65536,131072,dijkstra-csr (new),7.679,ok,""
random d=2,65536,131072,dijkstra (repo),11.008,ok,""
random d=2,65536,131072,dijkstra-4ary (new),7.228,ok,""
random d=2,65536,131072,improved-v1 (repo),10.718,ok,""
random d=2,65536,131072,improved-v2 (repo),11.832,ok,""
random d=2,65536,131072,core (repo),23.346,ok,""
random d=2,65536,131072,dmm25 (new),217.824,ok,"N'=262144 k=2 t=6 L=3 relax/m=15.36 pre=8ms"
random d=2,65536,131072,chd t0=16 (new),35.684,ok,"N'=56599 k=4 t=16 L=1 relax/m=0.80 del=0 pre=9ms formal=C-HD"
random d=2,65536,131072,chd t0=4 (new),35.954,ok,"N'=56599 k=2 t=4 L=4 relax/m=0.82 del=2930 pre=9ms formal=C-HD"
random d=4,65536,262144,dijkstra-csr (new),15.079,ok,""
random d=4,65536,262144,dijkstra (repo),18.525,ok,""
random d=4,65536,262144,dijkstra-4ary (new),13.332,ok,""
random d=4,65536,262144,improved-v1 (repo),20.182,ok,""
random d=4,65536,262144,improved-v2 (repo),20.541,ok,""
random d=4,65536,262144,core (repo),35.497,ok,""
random d=4,65536,262144,dmm25 (new),593.065,ok,"N'=524288 k=2 t=7 L=3 relax/m=17.35 pre=23ms"
random d=4,65536,262144,chd t0=16 (new),64.432,ok,"N'=64312 k=4 t=16 L=1 relax/m=0.98 del=0 pre=15ms formal=C-HD"
random d=4,65536,262144,chd t0=4 (new),63.724,ok,"N'=64312 k=2 t=4 L=4 relax/m=0.99 del=5408 pre=14ms formal=C-HD"
random d=8,65536,524288,dijkstra-csr (new),29.078,ok,""
random d=8,65536,524288,dijkstra (repo),32.638,ok,""
random d=8,65536,524288,dijkstra-4ary (new),21.672,ok,""
random d=8,65536,524288,improved-v1 (repo),31.650,ok,""
random d=8,65536,524288,improved-v2 (repo),35.933,ok,""
random d=8,65536,524288,core (repo),53.961,ok,""
random d=8,65536,524288,dmm25 (new),1320.158,ok,"N'=1048576 k=2 t=7 L=3 relax/m=17.51 pre=55ms"
random d=8,65536,524288,chd t0=16 (new),85.612,ok,"N'=65507 k=4 t=16 L=1 relax/m=1.00 del=0 pre=32ms formal=C-HD"
random d=8,65536,524288,chd t0=4 (new),94.883,ok,"N'=65507 k=2 t=4 L=4 relax/m=1.00 del=4915 pre=32ms formal=C-HD"
random d=16,65536,1048576,dijkstra-csr (new),47.102,ok,""
random d=16,65536,1048576,dijkstra (repo),47.061,ok,""
random d=16,65536,1048576,dijkstra-4ary (new),26.910,ok,""
random d=16,65536,1048576,improved-v1 (repo),46.482,ok,""
random d=16,65536,1048576,improved-v2 (repo),50.391,ok,""
random d=16,65536,1048576,core (repo),72.532,ok,""
random d=16,65536,1048576,dmm25 (new),2462.085,ok,"N'=2097152 k=2 t=7 L=3 relax/m=17.47 pre=92ms"
random d=16,65536,1048576,chd t0=16 (new),150.524,ok,"N'=65536 k=4 t=16 L=2 relax/m=1.00 del=0 pre=76ms formal=Bellman-Ford"
random d=16,65536,1048576,chd t0=4 (new),159.911,ok,"N'=65536 k=2 t=4 L=5 relax/m=1.00 del=7854 pre=77ms formal=Bellman-Ford"
random d=2,262144,524288,dijkstra-csr (new),88.949,ok,""
random d=2,262144,524288,dijkstra (repo),70.909,ok,""
random d=2,262144,524288,dijkstra-4ary (new),81.202,ok,""
random d=2,262144,524288,improved-v1 (repo),66.649,ok,""
random d=2,262144,524288,improved-v2 (repo),79.364,ok,""
random d=2,262144,524288,core (repo),129.283,ok,""
random d=2,262144,524288,dmm25 (new),1137.583,ok,"N'=1048576 k=2 t=7 L=3 relax/m=15.38 pre=44ms"
random d=2,262144,524288,chd t0=16 (new),223.056,ok,"N'=226646 k=4 t=16 L=2 relax/m=0.80 del=0 pre=60ms formal=C-HD"
random d=2,262144,524288,chd t0=4 (new),224.382,ok,"N'=226646 k=3 t=5 L=4 relax/m=0.81 del=14367 pre=56ms formal=C-HD"
random d=5,262144,1310720,dijkstra-csr (new),200.214,ok,""
random d=5,262144,1310720,dijkstra (repo),158.662,ok,""
random d=5,262144,1310720,dijkstra-4ary (new),134.993,ok,""
random d=5,262144,1310720,improved-v1 (repo),155.239,ok,""
random d=5,262144,1310720,improved-v2 (repo),188.562,ok,""
random d=5,262144,1310720,core (repo),277.786,ok,""
random d=5,262144,1310720,dmm25 (new),3856.565,ok,"N'=2621440 k=2 t=7 L=4 relax/m=20.62 pre=165ms"
random d=5,262144,1310720,chd t0=16 (new),384.088,ok,"N'=260397 k=4 t=16 L=2 relax/m=0.99 del=0 pre=116ms formal=C-HD"
random d=5,262144,1310720,chd t0=4 (new),382.706,ok,"N'=260397 k=2 t=4 L=5 relax/m=1.00 del=6826 pre=107ms formal=C-HD"
random d=8,262144,2097152,dijkstra-csr (new),223.236,ok,""
random d=8,262144,2097152,dijkstra (repo),247.108,ok,""
random d=8,262144,2097152,dijkstra-4ary (new),179.468,ok,""
random d=8,262144,2097152,improved-v1 (repo),212.082,ok,""
random d=8,262144,2097152,improved-v2 (repo),218.973,ok,""
random d=8,262144,2097152,core (repo),374.547,ok,""
random d=8,262144,2097152,dmm25 (new),6364.320,ok,"N'=4194304 k=2 t=7 L=4 relax/m=20.58 pre=215ms"
random d=8,262144,2097152,chd t0=16 (new),475.823,ok,"N'=262062 k=4 t=16 L=2 relax/m=1.00 del=0 pre=149ms formal=C-HD"
random d=8,262144,2097152,chd t0=4 (new),495.577,ok,"N'=262062 k=2 t=4 L=5 relax/m=1.00 del=7219 pre=151ms formal=C-HD"
random d=16,262144,4194304,dijkstra-csr (new),305.348,ok,""
random d=16,262144,4194304,dijkstra (repo),309.932,ok,""
random d=16,262144,4194304,dijkstra-4ary (new),180.273,ok,""
random d=16,262144,4194304,improved-v1 (repo),261.145,ok,""
random d=16,262144,4194304,improved-v2 (repo),277.377,ok,""
random d=16,262144,4194304,core (repo),506.881,ok,""
random d=16,262144,4194304,dmm25 (new),12959.763,ok,"N'=8388608 k=2 t=8 L=3 relax/m=17.37 pre=417ms"
random d=16,262144,4194304,chd t0=16 (new),796.503,ok,"N'=262144 k=4 t=16 L=2 relax/m=1.00 del=0 pre=389ms formal=Bellman-Ford"
random d=16,262144,4194304,chd t0=4 (new),734.836,ok,"N'=262144 k=2 t=4 L=5 relax/m=1.00 del=12158 pre=334ms formal=Bellman-Ford"
random d=2,1048576,2097152,dijkstra-csr (new),474.327,ok,""
random d=2,1048576,2097152,dijkstra (repo),448.680,ok,""
random d=2,1048576,2097152,dijkstra-4ary (new),579.402,ok,""
random d=2,1048576,2097152,dmm25 (new),6427.034,ok,"N'=4194304 k=2 t=7 L=4 relax/m=18.11 pre=274ms"
random d=2,1048576,2097152,chd t0=16 (new),1193.823,ok,"N'=906530 k=4 t=16 L=2 relax/m=0.80 del=0 pre=292ms formal=C-HD"
random d=2,1048576,2097152,chd t0=4 (new),1240.879,ok,"N'=906530 k=3 t=5 L=4 relax/m=0.80 del=21197 pre=287ms formal=C-HD"
random d=5,1048576,5242880,dijkstra-csr (new),1210.487,ok,""
random d=5,1048576,5242880,dijkstra (repo),1025.009,ok,""
random d=5,1048576,5242880,dijkstra-4ary (new),1169.298,ok,""
random d=5,1048576,5242880,dmm25 (new),19524.304,ok,"N'=10485760 k=2 t=8 L=3 relax/m=17.54 pre=589ms"
random d=5,1048576,5242880,chd t0=16 (new),1938.786,ok,"N'=1041535 k=4 t=16 L=2 relax/m=0.99 del=0 pre=525ms formal=C-HD"
random d=5,1048576,5242880,chd t0=4 (new),2173.098,ok,"N'=1041535 k=2 t=4 L=5 relax/m=1.00 del=95967 pre=519ms formal=C-HD"
random d=9,1048576,9437184,dijkstra-csr (new),1844.691,ok,""
random d=9,1048576,9437184,dijkstra (repo),1527.156,ok,""
random d=9,1048576,9437184,dijkstra-4ary (new),1395.039,ok,""
random d=9,1048576,9437184,dmm25 (new),40794.937,ok,"N'=18874368 k=2 t=8 L=4 relax/m=20.35 pre=1115ms"
random d=9,1048576,9437184,chd t0=16 (new),2749.275,ok,"N'=1048438 k=4 t=16 L=2 relax/m=1.00 del=0 pre=1025ms formal=C-HD"
random d=9,1048576,9437184,chd t0=4 (new),2889.127,ok,"N'=1048438 k=2 t=4 L=5 relax/m=1.00 del=86281 pre=947ms formal=C-HD"
random d=16,1048576,16777216,dijkstra-csr (new),2755.872,ok,""
random d=16,1048576,16777216,dijkstra (repo),2286.683,ok,""
random d=16,1048576,16777216,dijkstra-4ary (new),1745.091,ok,""
random d=16,1048576,16777216,dmm25 (new),82267.945,ok,"N'=33554432 k=2 t=8 L=4 relax/m=20.12 pre=1826ms"
random d=16,1048576,16777216,chd t0=16 (new),3723.569,ok,"N'=1048576 k=4 t=16 L=2 relax/m=1.00 del=0 pre=1491ms formal=Bellman-Ford"
random d=16,1048576,16777216,chd t0=4 (new),4185.382,ok,"N'=1048576 k=2 t=4 L=6 relax/m=1.00 del=118660 pre=1631ms formal=Bellman-Ford"
